{
  "mse": 0.06835377216339111,
  "ssim_mean": 0.19975852390621696,
  "ssim_std": 0.07306871503197963,
  "psnr_mean": 10.36180922309776,
  "psnr_std": 0.7889187083073803
}