{
  "mse": 0.0683523416519165,
  "ssim_mean": 0.1997578127523511,
  "ssim_std": 0.07306928980826267,
  "psnr_mean": 10.362197886158416,
  "psnr_std": 0.788623735852451
}